Collection date,G,GH,GR,GRY,GV,L,O,S,V,sum
2020-01-01,,,,,,,,,,
2020-01-02,,,,,,,,,,
2020-01-03,,,,,,,,,,
2020-01-04,,,,,,,,,,
2020-01-05,,,,,,,,,,
2020-01-06,,,,,,,,,,
2020-01-07,11.904761904761905,10.119047619047619,72.91666666666666,0.0,0.1488095238095238,0.7440476190476191,0.5952380952380952,1.3392857142857144,2.232142857142857,96.0
2020-01-08,,,,,,,,,,0.0
2020-01-09,,,,,,,,,,0.0
2020-01-10,,,,,,,,,,0.0
2020-01-11,,,,,,,,,,0.0
2020-01-12,,,,,,,,,,0.0
2020-01-13,0.0,0.0,0.0,0.0,0.0,0.0,100.0,0.0,0.0,0.14285714285714285
2020-01-14,0.0,0.0,0.0,0.0,0.0,0.0,100.0,0.0,0.0,0.14285714285714285
2020-01-15,0.0,0.0,0.0,0.0,0.0,0.0,100.0,0.0,0.0,0.2857142857142857
2020-01-16,0.0,0.0,0.0,0.0,0.0,0.0,100.0,0.0,0.0,0.2857142857142857
2020-01-17,0.0,0.0,0.0,0.0,0.0,0.0,100.0,0.0,0.0,0.2857142857142857
2020-01-18,0.0,0.0,0.0,0.0,0.0,0.0,100.0,0.0,0.0,0.2857142857142857
2020-01-19,0.0,0.0,0.0,0.0,0.0,0.0,100.0,0.0,0.0,0.2857142857142857
2020-01-20,0.0,0.0,0.0,0.0,0.0,0.0,100.0,0.0,0.0,0.14285714285714285
2020-01-21,0.0,0.0,0.0,0.0,0.0,0.0,100.0,0.0,0.0,0.14285714285714285
2020-01-22,0.0,0.0,0.0,0.0,0.0,100.0,0.0,0.0,0.0,0.14285714285714285
2020-01-23,0.0,0.0,0.0,0.0,0.0,100.0,0.0,0.0,0.0,0.14285714285714285
2020-01-24,0.0,0.0,0.0,0.0,0.0,20.0,40.0,40.0,0.0,0.7142857142857143
2020-01-25,11.111111111111109,0.0,0.0,0.0,0.0,11.111111111111109,55.55555555555556,22.222222222222218,0.0,1.2857142857142858
2020-01-26,11.111111111111109,0.0,0.0,0.0,0.0,11.111111111111109,55.55555555555556,22.222222222222218,0.0,1.2857142857142858
2020-01-27,11.111111111111109,0.0,0.0,0.0,0.0,11.111111111111109,55.55555555555556,22.222222222222218,0.0,1.2857142857142858
2020-01-28,10.0,0.0,0.0,0.0,0.0,10.0,50.0,30.0,0.0,1.4285714285714286
2020-01-29,11.111111111111109,0.0,0.0,0.0,0.0,0.0,55.55555555555556,33.33333333333333,0.0,1.2857142857142858
2020-01-30,7.692307692307692,0.0,0.0,0.0,0.0,0.0,61.53846153846153,30.769230769230766,0.0,1.8571428571428572
2020-01-31,10.0,0.0,0.0,0.0,0.0,0.0,60.0,30.0,0.0,1.4285714285714286
2020-02-01,0.0,0.0,0.0,0.0,0.0,0.0,50.0,50.0,0.0,0.8571428571428571
2020-02-02,0.0,0.0,0.0,0.0,0.0,14.285714285714285,42.857142857142854,42.857142857142854,0.0,1.0
2020-02-03,0.0,0.0,0.0,0.0,0.0,14.285714285714285,42.857142857142854,42.857142857142854,0.0,1.0
2020-02-04,0.0,0.0,0.0,0.0,0.0,14.285714285714285,42.857142857142854,42.857142857142854,0.0,1.0
2020-02-05,0.0,0.0,0.0,0.0,0.0,11.111111111111109,33.33333333333333,55.55555555555556,0.0,1.2857142857142858
2020-02-06,0.0,0.0,0.0,0.0,0.0,20.0,0.0,80.0,0.0,0.7142857142857143
2020-02-07,0.0,0.0,0.0,0.0,0.0,25.0,0.0,75.0,0.0,0.5714285714285714
2020-02-08,0.0,0.0,0.0,0.0,0.0,20.0,0.0,80.0,0.0,0.7142857142857143
2020-02-09,0.0,0.0,0.0,0.0,0.0,0.0,0.0,100.0,0.0,0.5714285714285714
2020-02-10,0.0,0.0,0.0,0.0,0.0,0.0,0.0,100.0,0.0,0.5714285714285714
2020-02-11,0.0,0.0,0.0,0.0,0.0,0.0,0.0,100.0,0.0,0.42857142857142855
2020-02-12,0.0,0.0,0.0,0.0,0.0,0.0,0.0,100.0,0.0,0.14285714285714285
2020-02-13,0.0,0.0,0.0,0.0,0.0,0.0,0.0,100.0,0.0,0.14285714285714285
2020-02-14,0.0,0.0,0.0,0.0,0.0,0.0,0.0,100.0,0.0,0.14285714285714285
2020-02-15,,,,,,,,,,0.0
2020-02-16,,,,,,,,,,0.0
2020-02-17,,,,,,,,,,0.0
2020-02-18,,,,,,,,,,0.0
2020-02-19,,,,,,,,,,0.0
2020-02-20,,,,,,,,,,0.0
2020-02-21,0.0,0.0,0.0,0.0,0.0,0.0,100.0,0.0,0.0,0.2857142857142857
2020-02-22,0.0,0.0,0.0,0.0,0.0,0.0,100.0,0.0,0.0,0.7142857142857143
2020-02-23,0.0,0.0,0.0,0.0,0.0,0.0,100.0,0.0,0.0,0.7142857142857143
2020-02-24,0.0,0.0,0.0,0.0,0.0,0.0,100.0,0.0,0.0,1.0
2020-02-25,0.0,0.0,0.0,0.0,0.0,0.0,100.0,0.0,0.0,1.0
2020-02-26,0.0,0.0,0.0,0.0,0.0,0.0,100.0,0.0,0.0,1.0
2020-02-27,0.0,0.0,0.0,0.0,0.0,0.0,100.0,0.0,0.0,1.2857142857142858
2020-02-28,0.0,0.0,0.0,0.0,0.0,7.692307692307692,92.3076923076923,0.0,0.0,1.8571428571428572
2020-02-29,0.0,0.0,0.0,0.0,0.0,7.692307692307692,92.3076923076923,0.0,0.0,1.8571428571428572
2020-03-01,0.0,0.0,0.0,0.0,0.0,7.692307692307692,92.3076923076923,0.0,0.0,1.8571428571428572
2020-03-02,0.0,0.0,6.666666666666667,0.0,0.0,6.666666666666667,86.66666666666667,0.0,0.0,2.142857142857143
2020-03-03,0.0,0.0,4.3478260869565215,0.0,0.0,8.695652173913043,78.26086956521739,0.0,8.695652173913043,3.2857142857142856
2020-03-04,2.857142857142857,0.0,5.714285714285714,0.0,0.0,5.714285714285714,80.0,0.0,5.714285714285714,5.0
2020-03-05,2.5,0.0,5.0,0.0,0.0,5.0,80.0,2.5,5.0,5.714285714285714
2020-03-06,2.4390243902439024,0.0,9.75609756097561,0.0,0.0,2.4390243902439024,75.60975609756099,2.4390243902439024,7.317073170731707,5.857142857142857
2020-03-07,2.1739130434782608,0.0,8.695652173913043,0.0,0.0,2.1739130434782608,65.21739130434783,8.695652173913043,13.043478260869565,6.571428571428571
2020-03-08,1.7857142857142856,1.7857142857142856,10.714285714285714,0.0,0.0,1.7857142857142856,60.71428571428571,8.928571428571429,14.285714285714285,8.0
2020-03-09,1.515151515151515,3.03030303030303,10.606060606060606,0.0,0.0,1.515151515151515,51.515151515151516,13.636363636363638,18.18181818181818,9.428571428571429
2020-03-10,3.4482758620689653,3.4482758620689653,10.344827586206899,0.0,0.0,1.1494252873563218,44.82758620689655,18.39080459770115,18.39080459770115,12.428571428571429
2020-03-11,8.256880733944955,3.669724770642201,11.009174311926605,0.0,0.0,1.8348623853211006,36.69724770642202,19.26605504587156,19.26605504587156,15.571428571428571
2020-03-12,10.4,6.4,12.0,0.0,0.0,1.6,29.599999999999998,21.6,18.4,17.857142857142858
2020-03-13,13.513513513513514,6.756756756756757,10.135135135135135,0.0,0.0,2.7027027027027026,26.351351351351347,22.2972972972973,18.243243243243242,21.142857142857142
2020-03-14,13.95348837209302,8.139534883720929,9.883720930232556,0.0,0.0,2.9069767441860463,23.25581395348837,20.930232558139537,20.930232558139537,24.571428571428573
2020-03-15,15.999999999999998,6.999999999999999,10.0,0.0,0.0,2.9999999999999996,19.499999999999996,25.0,19.499999999999996,28.571428571428573
2020-03-16,15.126050420168069,9.243697478991598,9.663865546218487,0.0,0.0,4.621848739495799,17.647058823529413,23.52941176470588,20.168067226890756,34.0
2020-03-17,16.165413533834588,10.526315789473683,10.150375939849624,0.0,0.0,4.511278195488721,13.909774436090224,22.932330827067666,21.80451127819549,38.0
2020-03-18,14.417177914110429,15.030674846625766,12.576687116564417,0.0,0.0,3.9877300613496938,11.349693251533742,22.699386503067483,19.938650306748468,46.57142857142857
2020-03-19,14.216867469879519,18.072289156626507,13.253012048192769,0.0,0.0,4.096385542168674,9.879518072289157,20.96385542168675,19.518072289156628,59.285714285714285
2020-03-20,12.953367875647666,17.271157167530227,12.607944732297065,0.0,0.0,3.7996545768566494,9.153713298791018,27.806563039723663,16.407599309153714,82.71428571428571
2020-03-21,12.397820163487738,19.618528610354225,12.942779291553133,0.0,0.2724795640326975,3.4059945504087197,8.446866485013624,29.56403269754768,13.35149863760218,104.85714285714286
2020-03-22,13.129102844638949,20.35010940919037,13.129102844638949,0.0,0.21881838074398244,2.9540481400437635,7.768052516411378,29.431072210065643,13.019693654266955,130.57142857142858
2020-03-23,12.966417910447761,22.014925373134332,14.085820895522389,0.0,0.18656716417910446,2.705223880597015,7.182835820895522,28.73134328358209,12.126865671641793,153.14285714285714
2020-03-24,13.80186282811177,22.01524132091448,14.14055884843353,0.0,0.16934801016088058,2.455546147332769,7.451312447078746,28.28111769686706,11.685012701100762,168.71428571428572
2020-03-25,14.519906323185012,22.09211553473849,14.441842310694769,0.0,0.156128024980484,2.2638563622170182,6.713505074160812,28.64949258391881,11.163153786104605,183.0
2020-03-26,16.74008810572687,21.80616740088106,14.170337738619676,0.0,0.14684287812041116,1.9823788546255505,6.901615271659324,27.6798825256975,10.572687224669604,194.57142857142858
2020-03-27,17.807211184694626,23.693892568064754,15.011037527593817,0.0,0.14716703458425312,1.7660044150110374,7.211184694628403,24.20897718910964,10.154525386313466,194.14285714285714
2020-03-28,20.41284403669725,23.470948012232416,15.519877675840979,0.0,0.0,1.6055045871559634,7.415902140672783,21.483180428134556,10.091743119266056,186.85714285714286
2020-03-29,21.687763713080173,23.797468354430382,16.70886075949367,0.0,0.0,1.687763713080169,7.7637130801687775,19.240506329113924,9.113924050632912,169.28571428571428
2020-03-30,24.681238615664842,22.677595628415297,16.029143897996356,0.0,0.0,1.4571948998178506,8.561020036429873,18.48816029143898,8.105646630236793,156.85714285714286
2020-03-31,26.02089268755936,24.501424501424502,15.57454890788224,0.0,0.0,1.4245014245014245,8.357075023741691,17.283950617283953,6.837606837606838,150.42857142857142
2020-04-01,27.955911823647288,26.152304609218437,14.02805611222445,0.0,0.0,1.5030060120240478,8.216432865731461,16.03206412825651,6.112224448897795,142.57142857142858
2020-04-02,27.497194163860826,27.048260381593714,14.365881032547698,0.0,0.0,1.4590347923681257,8.754208754208753,15.937149270482603,4.938271604938271,127.28571428571429
2020-04-03,29.21492921492922,27.027027027027028,13.8996138996139,0.0,0.0,1.1583011583011584,8.622908622908623,15.444015444015443,4.633204633204634,111.0
2020-04-04,29.718309859154928,26.619718309859152,13.239436619718308,0.0,0.0,1.1267605633802815,8.591549295774648,16.47887323943662,4.225352112676056,101.42857142857143
2020-04-05,29.629629629629626,27.999999999999996,11.555555555555555,0.0,0.0,1.037037037037037,8.444444444444443,16.888888888888886,4.444444444444444,96.42857142857143
2020-04-06,29.545454545454547,27.5974025974026,11.363636363636363,0.0,0.0,0.6493506493506493,8.603896103896105,17.532467532467532,4.707792207792208,88.0
2020-04-07,29.856115107913674,25.899280575539567,12.050359712230216,0.0,0.0,0.539568345323741,8.992805755395683,18.705035971223023,3.9568345323741005,79.42857142857143
2020-04-08,30.06263048016702,23.382045929018787,14.196242171189976,0.0,0.0,0.20876826722338201,10.855949895615867,17.53653444676409,3.7578288100208774,68.42857142857143
2020-04-09,30.93681917211329,22.004357298474947,13.507625272331156,0.0,0.0,0.21786492374727667,9.803921568627452,19.607843137254903,3.921568627450981,65.57142857142857
2020-04-10,31.294117647058822,20.705882352941178,13.176470588235295,0.0,0.0,0.2352941176470588,8.47058823529412,22.823529411764707,3.294117647058824,60.714285714285715
2020-04-11,27.819548872180448,21.55388471177945,13.533834586466165,0.0,0.0,0.2506265664160401,9.774436090225564,24.06015037593985,3.007518796992481,57.0
2020-04-12,27.70083102493075,19.94459833795014,13.29639889196676,0.0,0.0,0.0,10.249307479224377,26.038781163434905,2.770083102493075,51.57142857142857
2020-04-13,26.176470588235297,20.58823529411765,13.823529411764707,0.0,0.0,0.0,8.529411764705884,29.117647058823533,1.7647058823529411,48.57142857142857
2020-04-14,27.77777777777778,19.135802469135804,14.814814814814813,0.0,0.0,0.0,8.024691358024691,28.08641975308642,2.1604938271604937,46.285714285714285
2020-04-15,26.158940397350992,18.211920529801322,13.576158940397349,0.0,0.0,0.0,8.278145695364238,31.456953642384107,2.3178807947019866,43.142857142857146
2020-04-16,25.475285171102662,16.73003802281369,15.209125475285173,0.0,0.0,0.0,8.745247148288973,31.93916349809886,1.9011406844106467,37.57142857142857
2020-04-17,29.460580912863065,16.182572614107883,15.352697095435683,0.0,0.0,0.0,9.12863070539419,28.215767634854767,1.659751037344398,34.42857142857143
2020-04-18,30.769230769230766,13.942307692307693,15.384615384615383,0.0,0.0,0.0,7.211538461538461,31.25,1.4423076923076923,29.714285714285715
2020-04-19,31.5,13.999999999999998,14.500000000000002,0.0,0.0,0.0,7.5,31.0,1.4999999999999998,28.571428571428573
2020-04-20,34.117647058823536,16.470588235294116,15.294117647058824,0.0,0.0,0.0,7.647058823529412,24.705882352941178,1.7647058823529411,24.285714285714285
2020-04-21,28.467153284671532,17.518248175182478,14.5985401459854,0.0,0.0,0.0,7.2992700729927,29.92700729927007,2.1897810218978098,19.571428571428573
2020-04-22,34.285714285714285,15.238095238095237,14.285714285714285,0.0,0.0,0.0,6.666666666666667,27.61904761904762,1.9047619047619047,15.0
2020-04-23,35.95505617977528,16.853932584269664,10.112359550561798,0.0,0.0,0.0,7.865168539325842,26.96629213483146,2.247191011235955,12.714285714285714
2020-04-24,25.71428571428572,17.142857142857142,10.0,0.0,0.0,0.0,8.571428571428571,35.714285714285715,2.857142857142857,10.0
2020-04-25,26.923076923076923,17.94871794871795,16.666666666666668,0.0,0.0,2.564102564102564,7.6923076923076925,25.641025641025646,2.564102564102564,11.142857142857142
2020-04-26,29.411764705882355,16.176470588235293,19.117647058823533,0.0,0.0,2.941176470588235,7.352941176470589,22.058823529411768,2.941176470588235,9.714285714285714
2020-04-27,24.28571428571428,14.285714285714285,17.142857142857142,0.0,0.0,2.857142857142857,12.85714285714286,25.71428571428572,2.857142857142857,10.0
2020-04-28,22.727272727272727,18.18181818181818,15.151515151515152,0.0,0.0,4.545454545454545,15.151515151515152,22.727272727272727,1.515151515151515,9.428571428571429
2020-04-29,18.84057971014493,20.289855072463766,17.391304347826086,0.0,0.0,4.3478260869565215,18.84057971014493,20.289855072463766,0.0,9.857142857142858
2020-04-30,13.432835820895525,22.388059701492537,17.91044776119403,0.0,0.0,4.477611940298507,19.402985074626866,20.8955223880597,1.4925373134328357,9.571428571428571
2020-05-01,17.105263157894736,23.68421052631579,17.105263157894736,0.0,0.0,3.9473684210526314,19.736842105263154,17.105263157894736,1.3157894736842104,10.857142857142858
2020-05-02,13.513513513513514,36.486486486486484,9.45945945945946,0.0,0.0,1.3513513513513513,22.972972972972972,14.864864864864865,1.3513513513513513,10.571428571428571
2020-05-03,10.526315789473683,40.78947368421053,9.210526315789473,0.0,0.0,1.3157894736842104,22.368421052631575,14.473684210526313,1.3157894736842104,10.857142857142858
2020-05-04,14.705882352941178,45.58823529411765,8.823529411764707,0.0,0.0,1.4705882352941175,19.117647058823533,8.823529411764707,1.4705882352941175,9.714285714285714
2020-05-05,19.444444444444443,47.222222222222214,8.333333333333332,0.0,0.0,0.0,16.666666666666664,6.944444444444445,1.3888888888888886,10.285714285714286
2020-05-06,19.17808219178082,50.68493150684932,4.10958904109589,0.0,0.0,0.0,16.43835616438356,8.21917808219178,1.36986301369863,10.428571428571429
2020-05-07,19.48051948051948,53.246753246753244,3.896103896103896,0.0,0.0,0.0,18.181818181818183,5.194805194805195,0.0,11.0
2020-05-08,16.0,60.00000000000001,2.666666666666667,0.0,0.0,0.0,16.0,5.333333333333334,0.0,10.714285714285714
2020-05-09,17.647058823529413,61.76470588235294,1.4705882352941175,0.0,0.0,0.0,13.235294117647062,5.88235294117647,0.0,9.714285714285714
2020-05-10,14.666666666666666,64.0,1.3333333333333335,0.0,0.0,0.0,16.0,4.0,0.0,10.714285714285714
2020-05-11,12.000000000000002,65.33333333333334,2.666666666666667,0.0,0.0,0.0,17.333333333333336,2.666666666666667,0.0,10.714285714285714
2020-05-12,6.329113924050632,69.62025316455696,6.329113924050632,0.0,0.0,0.0,15.189873417721516,2.531645569620253,0.0,11.285714285714286
2020-05-13,6.944444444444445,69.44444444444444,9.722222222222221,0.0,0.0,0.0,12.5,1.3888888888888886,0.0,10.285714285714286
2020-05-14,2.8985507246376807,69.56521739130434,10.144927536231883,0.0,0.0,0.0,15.942028985507244,1.4492753623188404,0.0,9.857142857142858
2020-05-15,1.515151515151515,71.21212121212122,10.606060606060606,0.0,0.0,0.0,16.666666666666664,0.0,0.0,9.428571428571429
2020-05-16,3.1746031746031744,66.66666666666666,12.698412698412698,0.0,0.0,0.0,17.46031746031746,0.0,0.0,9.0
2020-05-17,3.448275862068965,68.9655172413793,13.79310344827586,0.0,0.0,0.0,13.79310344827586,0.0,0.0,8.285714285714286
2020-05-18,3.7037037037037033,70.37037037037037,12.962962962962962,0.0,0.0,0.0,12.962962962962962,0.0,0.0,7.714285714285714
2020-05-19,4.3478260869565215,63.04347826086958,17.391304347826086,0.0,0.0,0.0,15.217391304347828,0.0,0.0,6.571428571428571
2020-05-20,2.083333333333333,72.91666666666667,12.5,0.0,0.0,0.0,12.5,0.0,0.0,6.857142857142857
2020-05-21,2.5,80.0,17.5,0.0,0.0,0.0,0.0,0.0,0.0,5.714285714285714
2020-05-22,2.7777777777777772,77.77777777777777,19.444444444444443,0.0,0.0,0.0,0.0,0.0,0.0,5.142857142857143
2020-05-23,9.523809523809524,71.42857142857143,14.285714285714285,0.0,0.0,0.0,4.761904761904762,0.0,0.0,6.0
2020-05-24,10.0,65.0,15.0,0.0,0.0,0.0,5.0,5.0,0.0,5.714285714285714
2020-05-25,13.333333333333334,62.22222222222222,15.555555555555555,0.0,0.0,0.0,4.444444444444444,4.444444444444444,0.0,6.428571428571429
2020-05-26,13.636363636363635,68.18181818181817,9.090909090909092,0.0,0.0,0.0,4.545454545454546,4.545454545454546,0.0,6.285714285714286
2020-05-27,11.538461538461538,63.46153846153846,15.384615384615383,0.0,0.0,0.0,3.846153846153846,5.769230769230769,0.0,7.428571428571429
2020-05-28,8.450704225352112,69.01408450704226,15.492957746478876,0.0,0.0,0.0,2.8169014084507045,4.225352112676056,0.0,10.142857142857142
2020-05-29,8.0,65.33333333333334,17.333333333333336,0.0,0.0,0.0,5.333333333333334,4.0,0.0,10.714285714285714
2020-05-30,2.8169014084507045,64.7887323943662,25.352112676056343,0.0,0.0,0.0,2.8169014084507045,4.225352112676056,0.0,10.142857142857142
2020-05-31,2.7027027027027026,58.10810810810811,32.43243243243243,0.0,0.0,0.0,5.405405405405405,1.3513513513513513,0.0,10.571428571428571
2020-06-01,0.0,56.33802816901409,36.61971830985916,0.0,0.0,0.0,5.633802816901409,1.4084507042253522,0.0,10.142857142857142
2020-06-02,0.0,53.84615384615385,38.46153846153846,0.0,0.0,0.0,6.153846153846152,1.538461538461538,0.0,9.285714285714286
2020-06-03,0.0,51.85185185185185,40.74074074074074,0.0,0.0,0.0,7.4074074074074066,0.0,0.0,7.714285714285714
2020-06-04,0.0,32.35294117647059,55.882352941176485,0.0,0.0,0.0,11.76470588235294,0.0,0.0,4.857142857142857
2020-06-05,0.0,28.125000000000007,65.625,0.0,0.0,0.0,6.25,0.0,0.0,4.571428571428571
2020-06-06,0.0,33.333333333333336,59.25925925925925,0.0,0.0,0.0,7.4074074074074066,0.0,0.0,3.857142857142857
2020-06-07,0.0,40.0,60.0,0.0,0.0,0.0,0.0,0.0,0.0,2.857142857142857
2020-06-08,0.0,38.888888888888886,55.55555555555556,0.0,0.0,0.0,5.5555555555555545,0.0,0.0,2.5714285714285716
2020-06-09,0.0,35.714285714285715,60.71428571428571,0.0,0.0,0.0,3.571428571428571,0.0,0.0,4.0
2020-06-10,0.0,33.333333333333336,63.33333333333334,0.0,0.0,0.0,3.3333333333333335,0.0,0.0,4.285714285714286
2020-06-11,0.0,26.82926829268293,68.29268292682927,0.0,0.0,0.0,2.4390243902439024,2.4390243902439024,0.0,5.857142857142857
2020-06-12,1.9607843137254901,25.490196078431378,66.66666666666666,0.0,0.0,0.0,3.9215686274509802,1.9607843137254901,0.0,7.285714285714286
2020-06-13,1.694915254237288,20.338983050847457,72.88135593220339,0.0,0.0,0.0,3.389830508474576,1.694915254237288,0.0,8.428571428571429
2020-06-14,1.3888888888888886,23.611111111111107,70.83333333333333,0.0,0.0,0.0,2.7777777777777772,1.3888888888888886,0.0,10.285714285714286
2020-06-15,1.1627906976744184,22.093023255813954,73.25581395348837,0.0,0.0,0.0,2.325581395348837,1.1627906976744184,0.0,12.285714285714286
2020-06-16,3.225806451612903,21.50537634408602,70.96774193548386,0.0,0.0,0.0,2.150537634408602,2.150537634408602,0.0,13.285714285714286
2020-06-17,2.941176470588235,18.627450980392158,74.50980392156863,0.0,0.0,0.0,1.9607843137254901,1.9607843137254901,0.0,14.571428571428571
2020-06-18,3.125,18.750000000000004,75.00000000000001,0.0,0.0,0.0,2.083333333333333,1.0416666666666665,0.0,13.714285714285714
2020-06-19,1.9047619047619047,21.904761904761905,72.38095238095238,0.0,0.0,0.0,2.857142857142857,0.9523809523809523,0.0,15.0
2020-06-20,2.7777777777777777,24.074074074074076,69.44444444444444,0.0,0.0,0.0,2.7777777777777777,0.9259259259259258,0.0,15.428571428571429
2020-06-21,3.8834951456310676,23.300970873786408,68.93203883495146,0.0,0.0,0.0,2.912621359223301,0.9708737864077669,0.0,14.714285714285714
2020-06-22,7.8431372549019605,20.588235294117645,66.66666666666666,0.0,0.0,0.0,2.941176470588235,1.9607843137254901,0.0,14.571428571428571
2020-06-23,6.25,14.285714285714285,75.89285714285714,0.0,0.0,0.0,2.6785714285714284,0.8928571428571428,0.0,16.0
2020-06-24,6.521739130434782,12.318840579710143,77.53623188405797,0.0,0.0,0.0,2.1739130434782608,1.4492753623188404,0.0,19.714285714285715
2020-06-25,5.142857142857143,10.285714285714286,81.14285714285714,0.0,0.0,0.0,2.2857142857142856,1.1428571428571428,0.0,25.0
2020-06-26,4.3478260869565215,6.280193236714976,87.43961352657004,0.0,0.0,0.0,0.966183574879227,0.966183574879227,0.0,29.571428571428573
2020-06-27,3.389830508474576,4.23728813559322,90.67796610169492,0.0,0.0,0.0,0.847457627118644,0.847457627118644,0.0,33.714285714285715
2020-06-28,2.8776978417266186,2.8776978417266186,92.80575539568345,0.0,0.0,0.0,0.7194244604316546,0.7194244604316546,0.0,39.714285714285715
2020-06-29,1.2307692307692306,3.692307692307692,94.15384615384616,0.0,0.0,0.0,0.6153846153846153,0.30769230769230765,0.0,46.42857142857143
2020-06-30,0.8426966292134831,3.3707865168539324,94.9438202247191,0.0,0.0,0.0,0.5617977528089888,0.2808988764044944,0.0,50.857142857142854
2020-07-01,0.5420054200542005,2.710027100271003,96.2059620596206,0.0,0.0,0.0,0.5420054200542005,0.0,0.0,52.714285714285715
2020-07-02,0.7481296758104738,3.2418952618453867,95.51122194513717,0.0,0.0,0.0,0.4987531172069825,0.0,0.0,57.285714285714285
2020-07-03,0.9546539379474941,3.579952267303103,94.98806682577565,0.0,0.0,0.0,0.47732696897374705,0.0,0.0,59.857142857142854
2020-07-04,1.2474012474012475,3.5343035343035343,94.8024948024948,0.0,0.0,0.0,0.4158004158004158,0.0,0.0,68.71428571428571
2020-07-05,1.69811320754717,3.584905660377359,94.15094339622642,0.0,0.0,0.0,0.37735849056603776,0.18867924528301888,0.0,75.71428571428571
2020-07-06,1.8211920529801324,2.4834437086092715,95.36423841059603,0.0,0.0,0.0,0.16556291390728475,0.16556291390728475,0.0,86.28571428571429
2020-07-07,1.8387553041018387,2.6874115983026874,95.19094766619519,0.0,0.0,0.0,0.1414427157001414,0.1414427157001414,0.0,101.0
2020-07-08,2.187120291616039,2.916160388821385,94.65370595382747,0.0,0.0,0.0,0.12150668286755771,0.12150668286755771,0.0,117.57142857142857
2020-07-09,2.699530516431925,2.4647887323943665,94.71830985915494,0.0,0.0,0.0,0.0,0.11737089201877934,0.0,121.71428571428571
2020-07-10,3.3333333333333335,2.150537634408602,94.40860215053763,0.0,0.0,0.0,0.0,0.10752688172043011,0.0,132.85714285714286
2020-07-11,4.016477857878476,1.8537590113285274,94.02677651905252,0.0,0.0,0.0,0.0,0.10298661174047373,0.0,138.71428571428572
2020-07-12,4.563492063492063,1.488095238095238,93.9484126984127,0.0,0.0,0.0,0.0,0.0,0.0,144.0
2020-07-13,4.820333041191937,1.8404907975460123,93.33917616126205,0.0,0.0,0.0,0.0,0.0,0.0,163.0
2020-07-14,5.079100749375519,1.665278934221482,93.25562031640298,0.0,0.0,0.0,0.0,0.0,0.0,171.57142857142858
2020-07-15,4.800650935720097,1.3832384052074855,93.81611065907242,0.0,0.0,0.0,0.0,0.0,0.0,175.57142857142858
2020-07-16,4.3478260869565215,1.2743628185907045,94.37781109445277,0.0,0.0,0.0,0.0,0.0,0.0,190.57142857142858
2020-07-17,3.7630662020905925,0.975609756097561,95.26132404181185,0.0,0.0,0.0,0.0,0.0,0.0,205.0
2020-07-18,3.0037546933667083,0.8135168961201502,96.18272841051315,0.0,0.0,0.0,0.0,0.0,0.0,228.28571428571428
2020-07-19,2.366504854368932,0.7888349514563107,96.84466019417476,0.0,0.0,0.0,0.0,0.0,0.0,235.42857142857142
2020-07-20,2.0158827122785583,0.4886988393402565,97.31215638362859,0.0,0.0,0.0,0.12217470983506412,0.06108735491753206,0.0,233.85714285714286
2020-07-21,1.6119746689694874,0.28785261945883706,97.75474956822107,0.0,0.0,0.0,0.28785261945883706,0.05757052389176741,0.0,248.14285714285714
2020-07-22,1.4541387024608503,0.16778523489932887,97.98657718120806,0.0,0.0,0.0,0.33557046979865773,0.05592841163310962,0.0,255.42857142857142
2020-07-23,1.1071967790639154,0.10065425264217413,98.4398590840463,0.0,0.0,0.0,0.3019627579265224,0.050327126321087066,0.0,283.85714285714283
2020-07-24,1.0864197530864197,0.09876543209876544,98.41975308641976,0.0,0.0,0.0,0.34567901234567905,0.04938271604938272,0.0,289.2857142857143
2020-07-25,0.9164969450101834,0.15274949083503053,98.52342158859472,0.0,0.0,0.0,0.3564154786150713,0.05091649694501018,0.0,280.57142857142856
2020-07-26,0.9355509355509358,0.15592515592515593,98.4927234927235,0.0,0.0,0.0,0.36382536382536385,0.05197505197505198,0.0,274.85714285714283
2020-07-27,0.7462686567164178,0.14925373134328357,98.85572139303481,0.0,0.0,0.0,0.24875621890547264,0.0,0.0,287.14285714285717
2020-07-28,0.6381934216985763,0.14727540500736377,99.11634756995582,0.0,0.0,0.0,0.09818360333824251,0.0,0.0,291.0
2020-07-29,0.6560449859418932,0.09372071227741331,99.203373945642,0.0,0.0,0.0,0.046860356138706656,0.0,0.0,304.85714285714283
2020-07-30,0.7488766849725411,0.09985022466300547,99.10134797803293,0.0,0.0,0.0,0.049925112331502736,0.0,0.0,286.14285714285717
2020-07-31,0.6176016469377252,0.1029336078229542,99.22799794132786,0.0,0.0,0.0,0.0514668039114771,0.0,0.0,277.57142857142856
2020-08-01,0.7242628039317124,0.10346611484738745,99.1205380237972,0.0,0.0,0.0,0.051733057423693725,0.0,0.0,276.14285714285717
2020-08-02,0.6375674350171654,0.0980872976949485,99.2153016184404,0.0,0.0,0.0,0.04904364884747425,0.0,0.0,291.2857142857143
2020-08-03,0.5508262393590386,0.10015022533800699,99.29894842263394,0.0,0.0,0.0,0.050075112669003496,0.0,0.0,285.2857142857143
2020-08-04,0.6282722513089005,0.15706806282722513,99.16230366492147,0.0,0.0,0.0,0.052356020942408384,0.0,0.0,272.85714285714283
2020-08-05,0.5691519635742743,0.22766078542970974,99.1462720546386,0.0,0.0,0.0,0.056915196357427436,0.0,0.0,251.0
2020-08-06,0.5592841163310962,0.22371364653243847,99.10514541387025,0.0,0.0,0.0,0.11185682326621924,0.0,0.0,255.42857142857142
2020-08-07,0.5178365937859609,0.23014959723820483,99.13693901035673,0.0,0.0,0.0,0.11507479861910241,0.0,0.0,248.28571428571428
2020-08-08,0.5501222493887531,0.24449877750611246,99.08312958435208,0.0,0.0,0.0,0.12224938875305623,0.0,0.0,233.71428571428572
2020-08-09,0.5225342913128673,0.26126714565643366,99.08556499020249,0.0,0.0,0.0,0.13063357282821683,0.0,0.0,218.71428571428572
2020-08-10,0.7902298850574712,0.21551724137931033,98.85057471264368,0.0,0.0,0.0,0.14367816091954022,0.0,0.0,198.85714285714286
2020-08-11,0.6928406466512702,0.23094688221709003,98.92224788298691,0.0,0.0,0.0,0.15396458814472672,0.0,0.0,185.57142857142858
2020-08-12,0.7763975155279503,0.15527950310559005,98.91304347826086,0.0,0.0,0.0,0.15527950310559005,0.0,0.0,184.0
2020-08-13,0.8481764206955048,0.2544529262086514,98.8125530110263,0.0,0.0,0.0,0.08481764206955046,0.0,0.0,168.42857142857142
2020-08-14,0.8658008658008658,0.3463203463203463,98.7878787878788,0.0,0.0,0.0,0.0,0.0,0.0,165.0
2020-08-15,0.779896013864818,0.43327556325823224,98.70017331022531,0.0,0.0,0.0,0.08665511265164644,0.0,0.0,164.85714285714286
2020-08-16,0.8826125330979699,0.44130626654898497,98.58781994704326,0.0,0.0,0.0,0.08826125330979699,0.0,0.0,161.85714285714286
2020-08-17,0.8620689655172413,0.5172413793103448,98.53448275862068,0.0,0.0,0.0,0.08620689655172413,0.0,0.0,165.71428571428572
2020-08-18,1.0425716768027802,0.4344048653344918,98.43614248479584,0.0,0.0,0.0,0.08688097306689835,0.0,0.0,164.42857142857142
2020-08-19,0.9725906277630415,0.5305039787798408,98.40848806366047,0.0,0.0,0.0,0.08841732979664013,0.0,0.0,161.57142857142858
2020-08-20,0.8234217749313816,0.4574565416285453,98.53613906678866,0.0,0.09149130832570905,0.0,0.09149130832570905,0.0,0.0,156.14285714285714
2020-08-21,0.8108108108108109,0.36036036036036034,98.46846846846846,0.0,0.18018018018018017,0.0,0.18018018018018017,0.0,0.0,158.57142857142858
2020-08-22,0.7421150278293135,0.18552875695732837,98.79406307977736,0.0,0.18552875695732837,0.0,0.09276437847866419,0.0,0.0,154.0
2020-08-23,0.7525870178739416,0.1881467544684854,98.77704609595484,0.0,0.1881467544684854,0.0,0.0940733772342427,0.0,0.0,151.85714285714286
2020-08-24,0.5952380952380952,0.0992063492063492,99.0079365079365,0.0,0.1984126984126984,0.0,0.0992063492063492,0.0,0.0,144.0
2020-08-25,0.530222693531283,0.10604453870625662,99.04559915164367,0.0,0.21208907741251323,0.0,0.10604453870625662,0.0,0.0,134.71428571428572
2020-08-26,0.4410143329658213,0.0,99.00771775082688,0.0,0.22050716648291066,0.0,0.11025358324145533,0.22050716648291066,0.0,129.57142857142858
2020-08-27,0.5924170616113744,0.0,98.93364928909953,0.0,0.11848341232227487,0.0,0.11848341232227487,0.23696682464454974,0.0,120.57142857142857
2020-08-28,0.6544502617801047,0.2617801047120419,98.82198952879581,0.0,0.0,0.0,0.0,0.2617801047120419,0.0,109.14285714285714
2020-08-29,0.8010680907877168,1.2016021361815754,97.59679572763686,0.0,0.0,0.0,0.13351134846461948,0.26702269692923897,0.0,107.0
2020-08-30,0.8746355685131195,1.749271137026239,96.93877551020408,0.0,0.0,0.0,0.1457725947521866,0.2915451895043732,0.0,98.0
2020-08-31,0.7874015748031495,1.889763779527559,96.85039370078741,0.0,0.0,0.0,0.15748031496062992,0.31496062992125984,0.0,90.71428571428571
2020-09-01,0.9538950715421303,1.9077901430842605,96.50238473767885,0.0,0.0,0.0,0.3179650238473768,0.3179650238473768,0.0,89.85714285714286
2020-09-02,1.2389380530973453,2.1238938053097343,96.28318584070796,0.0,0.0,0.0,0.35398230088495575,0.0,0.0,80.71428571428571
2020-09-03,1.1538461538461537,2.5,95.96153846153847,0.0,0.0,0.0,0.3846153846153845,0.0,0.0,74.28571428571429
2020-09-04,1.026694045174538,2.2587268993839835,96.09856262833677,0.0,0.0,0.0,0.41067761806981523,0.20533880903490762,0.0,69.57142857142857
2020-09-05,1.1261261261261262,0.9009009009009009,97.52252252252251,0.0,0.0,0.0,0.22522522522522523,0.22522522522522523,0.0,63.42857142857143
2020-09-06,0.9009009009009009,0.22522522522522523,98.1981981981982,0.0,0.0,0.0,0.22522522522522523,0.45045045045045046,0.0,63.42857142857143
2020-09-07,0.9615384615384615,0.24038461538461536,97.83653846153845,0.0,0.0,0.0,0.4807692307692307,0.4807692307692307,0.0,59.42857142857143
2020-09-08,0.8108108108108109,0.5405405405405406,97.83783783783785,0.0,0.0,0.0,0.2702702702702703,0.5405405405405406,0.0,52.857142857142854
2020-09-09,0.5882352941176471,0.8823529411764706,97.64705882352942,0.0,0.0,0.0,0.29411764705882354,0.5882352941176471,0.0,48.57142857142857
2020-09-10,0.9146341463414633,0.6097560975609756,97.56097560975611,0.0,0.0,0.0,0.3048780487804878,0.6097560975609756,0.0,46.857142857142854
2020-09-11,1.0,1.0,97.33333333333334,0.0,0.0,0.0,0.33333333333333337,0.33333333333333337,0.0,42.857142857142854
2020-09-12,0.7017543859649122,1.4035087719298245,96.84210526315789,0.0,0.0,0.0,0.7017543859649122,0.3508771929824561,0.0,40.714285714285715
2020-09-13,0.7407407407407408,2.2222222222222223,95.92592592592592,0.0,0.0,0.0,1.1111111111111112,0.0,0.0,38.57142857142857
2020-09-14,0.7751937984496124,2.713178294573644,95.34883720930235,0.0,0.0,0.0,1.1627906976744187,0.0,0.0,36.857142857142854
2020-09-15,0.8097165991902834,3.6437246963562755,93.92712550607288,0.0,0.0,0.0,1.6194331983805668,0.0,0.0,35.285714285714285
2020-09-16,1.1811023622047243,3.149606299212598,94.09448818897638,0.0,0.0,0.0,1.574803149606299,0.0,0.0,36.285714285714285
2020-09-17,0.8230452674897119,4.938271604938271,92.59259259259261,0.0,0.0,0.0,1.6460905349794237,0.0,0.0,34.714285714285715
2020-09-18,0.8620689655172412,5.6034482758620685,91.81034482758619,0.0,0.0,0.0,1.7241379310344824,0.0,0.0,33.142857142857146
2020-09-19,1.3392857142857142,6.25,91.07142857142857,0.0,0.0,0.0,1.3392857142857142,0.0,0.0,32.0
2020-09-20,1.4634146341463414,6.829268292682928,90.73170731707317,0.0,0.0,0.0,0.975609756097561,0.0,0.0,29.285714285714285
2020-09-21,2.9239766081871346,9.941520467836257,86.54970760233918,0.0,0.0,0.0,0.5847953216374269,0.0,0.0,24.428571428571427
2020-09-22,3.2679738562091507,9.803921568627452,86.27450980392157,0.0,0.65359477124183,0.0,0.0,0.0,0.0,21.857142857142858
2020-09-23,4.724409448818897,11.811023622047244,82.67716535433071,0.0,0.7874015748031495,0.0,0.0,0.0,0.0,18.142857142857142
2020-09-24,8.47457627118644,10.169491525423728,79.66101694915254,0.0,1.694915254237288,0.0,0.0,0.0,0.0,16.857142857142858
2020-09-25,12.149532710280374,9.345794392523365,76.63551401869158,0.0,1.8691588785046727,0.0,0.0,0.0,0.0,15.285714285714286
2020-09-26,15.463917525773194,9.278350515463918,73.19587628865979,0.0,2.0618556701030926,0.0,0.0,0.0,0.0,13.857142857142858
2020-09-27,16.853932584269664,8.98876404494382,71.91011235955057,0.0,2.247191011235955,0.0,0.0,0.0,0.0,12.714285714285714
2020-09-28,15.476190476190476,4.761904761904762,76.19047619047619,0.0,2.380952380952381,0.0,1.1904761904761905,0.0,0.0,12.0
2020-09-29,15.789473684210526,7.894736842105263,73.68421052631578,0.0,1.3157894736842104,0.0,1.3157894736842104,0.0,0.0,10.857142857142858
2020-09-30,15.384615384615383,10.769230769230768,70.76923076923076,0.0,1.538461538461538,0.0,1.538461538461538,0.0,0.0,9.285714285714286
2020-10-01,13.636363636363635,13.636363636363635,70.45454545454545,0.0,0.0,0.0,2.272727272727273,0.0,0.0,6.285714285714286
2020-10-02,6.97674418604651,16.279069767441857,65.11627906976743,0.0,9.302325581395348,0.0,2.325581395348837,0.0,0.0,6.142857142857143
2020-10-03,4.444444444444444,15.555555555555555,68.88888888888889,0.0,8.888888888888888,0.0,2.222222222222222,0.0,0.0,6.428571428571429
2020-10-04,8.695652173913043,19.565217391304348,56.52173913043479,0.0,10.869565217391305,0.0,4.3478260869565215,0.0,0.0,6.571428571428571
2020-10-05,13.043478260869565,19.565217391304348,54.34782608695653,0.0,10.869565217391305,0.0,2.1739130434782608,0.0,0.0,6.571428571428571
2020-10-06,11.320754716981133,15.09433962264151,54.71698113207548,0.0,13.20754716981132,0.0,5.660377358490567,0.0,0.0,7.571428571428571
2020-10-07,9.836065573770492,14.75409836065574,57.37704918032788,0.0,13.114754098360656,0.0,4.918032786885246,0.0,0.0,8.714285714285714
2020-10-08,8.695652173913043,13.043478260869565,59.42028985507246,0.0,14.492753623188406,0.0,4.3478260869565215,0.0,0.0,9.857142857142858
2020-10-09,12.307692307692305,12.307692307692305,61.53846153846153,0.0,9.23076923076923,0.0,4.615384615384615,0.0,0.0,9.285714285714286
2020-10-10,12.5,16.071428571428573,55.35714285714286,0.0,10.714285714285714,0.0,5.357142857142857,0.0,0.0,8.0
2020-10-11,11.11111111111111,15.873015873015872,61.904761904761905,0.0,7.936507936507936,0.0,3.1746031746031744,0.0,0.0,9.0
2020-10-12,11.428571428571429,15.714285714285714,61.42857142857143,0.0,8.571428571428571,0.0,2.857142857142857,0.0,0.0,10.0
2020-10-13,12.5,17.1875,62.5,0.0,6.25,0.0,1.5625,0.0,0.0,9.142857142857142
2020-10-14,14.035087719298245,15.789473684210527,63.15789473684211,0.0,5.263157894736842,0.0,1.7543859649122806,0.0,0.0,8.142857142857142
2020-10-15,17.54385964912281,22.80701754385965,56.14035087719298,0.0,1.7543859649122806,0.0,1.7543859649122806,0.0,0.0,8.142857142857142
2020-10-16,14.75409836065574,27.86885245901639,52.459016393442624,0.0,3.278688524590164,0.0,1.639344262295082,0.0,0.0,8.714285714285714
2020-10-17,19.047619047619047,23.809523809523807,52.38095238095239,0.0,3.1746031746031744,0.0,1.5873015873015872,0.0,0.0,9.0
2020-10-18,23.188405797101446,15.942028985507244,56.52173913043478,0.0,2.8985507246376807,0.0,1.4492753623188404,0.0,0.0,9.857142857142858
2020-10-19,18.84057971014493,17.391304347826086,60.8695652173913,0.0,1.4492753623188404,0.0,1.4492753623188404,0.0,0.0,9.857142857142858
2020-10-20,18.666666666666668,24.000000000000004,54.666666666666664,0.0,2.666666666666667,0.0,0.0,0.0,0.0,10.714285714285714
2020-10-21,16.867469879518072,27.710843373493976,48.19277108433735,0.0,7.228915662650602,0.0,0.0,0.0,0.0,11.857142857142858
2020-10-22,18.085106382978722,25.53191489361702,48.93617021276596,0.0,7.446808510638298,0.0,0.0,0.0,0.0,13.428571428571429
2020-10-23,20.0,22.22222222222222,51.11111111111111,0.0,6.666666666666667,0.0,0.0,0.0,0.0,12.857142857142858
2020-10-24,18.085106382978722,24.46808510638298,50.0,0.0,7.446808510638298,0.0,0.0,0.0,0.0,13.428571428571429
2020-10-25,15.189873417721516,29.113924050632907,46.83544303797468,0.0,8.860759493670885,0.0,0.0,0.0,0.0,11.285714285714286
2020-10-26,23.376623376623378,32.467532467532465,35.064935064935064,0.0,9.090909090909092,0.0,0.0,0.0,0.0,11.0
2020-10-27,24.28571428571428,30.0,37.142857142857146,0.0,8.571428571428571,0.0,0.0,0.0,0.0,10.0
2020-10-28,27.419354838709676,27.419354838709676,41.935483870967744,0.0,3.225806451612903,0.0,0.0,0.0,0.0,8.857142857142858
2020-10-29,24.528301886792455,24.528301886792455,45.28301886792453,0.0,5.660377358490567,0.0,0.0,0.0,0.0,7.571428571428571
2020-10-30,20.68965517241379,29.310344827586203,43.103448275862064,0.0,6.89655172413793,0.0,0.0,0.0,0.0,8.285714285714286
2020-10-31,25.86206896551724,24.137931034482758,43.103448275862064,0.0,6.89655172413793,0.0,0.0,0.0,0.0,8.285714285714286
2020-11-01,25.0,26.785714285714285,35.714285714285715,0.0,12.5,0.0,0.0,0.0,0.0,8.0
2020-11-02,19.230769230769234,23.076923076923077,44.230769230769226,0.0,13.461538461538462,0.0,0.0,0.0,0.0,7.428571428571429
2020-11-03,19.607843137254903,19.607843137254903,45.09803921568628,0.0,15.686274509803921,0.0,0.0,0.0,0.0,7.285714285714286
2020-11-04,20.0,20.0,42.0,0.0,18.0,0.0,0.0,0.0,0.0,7.142857142857143
2020-11-05,23.25581395348837,23.25581395348837,37.20930232558139,0.0,16.279069767441857,0.0,0.0,0.0,0.0,6.142857142857143
2020-11-06,25.0,22.5,32.5,0.0,20.0,0.0,0.0,0.0,0.0,5.714285714285714
2020-11-07,12.12121212121212,33.33333333333333,33.33333333333333,0.0,21.21212121212121,0.0,0.0,0.0,0.0,4.714285714285714
2020-11-08,14.285714285714285,42.85714285714286,30.952380952380953,0.0,11.904761904761905,0.0,0.0,0.0,0.0,6.0
2020-11-09,16.666666666666664,42.85714285714286,26.190476190476193,0.0,14.285714285714285,0.0,0.0,0.0,0.0,6.0
2020-11-10,22.5,42.49999999999999,22.5,0.0,12.5,0.0,0.0,0.0,0.0,5.714285714285714
2020-11-11,20.930232558139537,46.51162790697674,20.930232558139537,0.0,11.627906976744185,0.0,0.0,0.0,0.0,6.142857142857143
2020-11-12,20.454545454545457,45.45454545454546,20.454545454545457,0.0,13.636363636363635,0.0,0.0,0.0,0.0,6.285714285714286
2020-11-13,19.047619047619047,47.61904761904762,21.42857142857143,0.0,11.904761904761905,0.0,0.0,0.0,0.0,6.0
2020-11-14,17.02127659574468,42.5531914893617,23.404255319148938,0.0,17.02127659574468,0.0,0.0,0.0,0.0,6.714285714285714
2020-11-15,20.58823529411765,35.294117647058826,23.52941176470588,0.0,20.58823529411765,0.0,0.0,0.0,0.0,4.857142857142857
2020-11-16,12.195121951219514,58.536585365853654,14.634146341463413,0.0,14.634146341463413,0.0,0.0,0.0,0.0,5.857142857142857
2020-11-17,9.090909090909092,56.81818181818182,15.909090909090908,0.0,18.181818181818183,0.0,0.0,0.0,0.0,6.285714285714286
2020-11-18,11.627906976744185,53.48837209302325,16.279069767441857,0.0,18.604651162790695,0.0,0.0,0.0,0.0,6.142857142857143
2020-11-19,10.869565217391305,56.52173913043479,13.043478260869565,0.0,17.391304347826086,0.0,2.1739130434782608,0.0,0.0,6.571428571428571
2020-11-20,10.204081632653061,59.18367346938776,12.244897959183673,0.0,16.3265306122449,0.0,2.0408163265306123,0.0,0.0,7.0
2020-11-21,11.904761904761905,64.28571428571429,9.523809523809524,0.0,11.904761904761905,0.0,2.380952380952381,0.0,0.0,6.0
2020-11-22,11.904761904761905,64.28571428571429,9.523809523809524,0.0,11.904761904761905,0.0,2.380952380952381,0.0,0.0,6.0
2020-11-23,14.285714285714285,50.0,14.285714285714285,0.0,17.857142857142858,0.0,3.571428571428571,0.0,0.0,4.0
2020-11-24,11.538461538461538,61.53846153846153,11.538461538461538,0.0,11.538461538461538,0.0,3.846153846153846,0.0,0.0,3.7142857142857144
2020-11-25,6.666666666666667,63.33333333333334,20.0,0.0,6.666666666666667,0.0,3.3333333333333335,0.0,0.0,4.285714285714286
2020-11-26,6.666666666666667,66.66666666666667,23.333333333333332,0.0,3.3333333333333335,0.0,0.0,0.0,0.0,4.285714285714286
2020-11-27,15.384615384615383,57.692307692307686,26.923076923076923,0.0,0.0,0.0,0.0,0.0,0.0,3.7142857142857144
2020-11-28,21.875,53.125,25.0,0.0,0.0,0.0,0.0,0.0,0.0,4.571428571428571
2020-11-29,16.216216216216214,48.64864864864865,32.43243243243243,0.0,2.7027027027027026,0.0,0.0,0.0,0.0,5.285714285714286
2020-11-30,18.181818181818183,45.45454545454546,29.545454545454547,2.272727272727273,2.272727272727273,0.0,2.272727272727273,0.0,0.0,6.285714285714286
2020-12-01,17.307692307692307,40.38461538461539,26.923076923076923,1.923076923076923,1.923076923076923,0.0,11.538461538461538,0.0,0.0,7.428571428571429
2020-12-02,21.568627450980394,37.254901960784316,21.568627450980394,1.9607843137254901,3.9215686274509802,0.0,13.725490196078432,0.0,0.0,7.285714285714286
2020-12-03,20.68965517241379,36.206896551724135,20.68965517241379,1.7241379310344824,5.1724137931034475,0.0,15.517241379310345,0.0,0.0,8.285714285714286
2020-12-04,15.625,37.5,17.1875,1.5625,6.25,0.0,21.875,0.0,0.0,9.142857142857142
2020-12-05,12.5,37.5,12.5,1.5625,7.8125,0.0,28.125000000000007,0.0,0.0,9.142857142857142
2020-12-06,13.432835820895525,34.32835820895522,7.46268656716418,1.4925373134328357,8.955223880597014,0.0,34.32835820895522,0.0,0.0,9.571428571428571
2020-12-07,10.606060606060606,34.848484848484844,7.575757575757576,0.0,9.09090909090909,0.0,37.878787878787875,0.0,0.0,9.428571428571429
2020-12-08,12.5,37.5,7.8125,0.0,10.9375,0.0,31.25,0.0,0.0,9.142857142857142
2020-12-09,9.09090909090909,39.39393939393939,9.09090909090909,3.03030303030303,9.09090909090909,0.0,30.303030303030305,0.0,0.0,9.428571428571429
2020-12-10,7.2727272727272725,40.0,7.2727272727272725,3.6363636363636362,9.090909090909092,0.0,32.727272727272734,0.0,0.0,7.857142857142857
2020-12-11,9.25925925925926,38.88888888888889,12.962962962962962,3.7037037037037033,9.25925925925926,0.0,25.925925925925924,0.0,0.0,7.714285714285714
2020-12-12,10.0,42.0,13.999999999999998,3.9999999999999996,7.999999999999999,0.0,20.0,1.9999999999999998,0.0,7.142857142857143
2020-12-13,11.627906976744185,51.16279069767441,13.95348837209302,4.651162790697674,4.651162790697674,0.0,11.627906976744185,2.325581395348837,0.0,6.142857142857143
2020-12-14,12.76595744680851,46.808510638297875,25.53191489361702,4.25531914893617,4.25531914893617,0.0,4.25531914893617,2.127659574468085,0.0,6.714285714285714
2020-12-15,8.695652173913043,50.0,23.91304347826087,4.3478260869565215,6.521739130434782,0.0,4.3478260869565215,2.1739130434782608,0.0,6.571428571428571
2020-12-16,13.114754098360656,55.73770491803278,19.672131147540984,0.0,4.918032786885246,0.0,4.918032786885246,1.639344262295082,0.0,8.714285714285714
2020-12-17,13.186813186813188,61.53846153846154,14.285714285714285,0.0,4.395604395604395,0.0,5.4945054945054945,1.0989010989010988,0.0,13.0
2020-12-18,10.091743119266056,70.64220183486239,10.091743119266056,0.0,2.7522935779816513,0.0,3.669724770642201,2.7522935779816513,0.0,15.571428571428571
2020-12-19,8.196721311475411,70.49180327868854,10.655737704918034,2.459016393442623,3.278688524590164,0.0,3.278688524590164,1.639344262295082,0.0,17.428571428571427
2020-12-20,7.352941176470589,70.58823529411765,11.029411764705884,3.6764705882352944,2.941176470588235,0.0,2.941176470588235,1.4705882352941175,0.0,19.428571428571427
2020-12-21,7.246376811594203,74.63768115942028,6.521739130434782,4.3478260869565215,2.8985507246376807,0.0,2.8985507246376807,1.4492753623188404,0.0,19.714285714285715
2020-12-22,7.971014492753622,73.91304347826086,6.521739130434782,4.3478260869565215,2.8985507246376807,0.0,2.8985507246376807,1.4492753623188404,0.0,19.714285714285715
2020-12-23,5.833333333333333,74.16666666666667,5.833333333333333,7.500000000000001,3.3333333333333335,0.0,1.6666666666666667,1.6666666666666667,0.0,17.142857142857142
2020-12-24,4.901960784313726,71.56862745098039,7.8431372549019605,8.823529411764707,2.941176470588235,0.0,0.9803921568627451,2.941176470588235,0.0,14.571428571428571
2020-12-25,5.2631578947368425,62.10526315789474,8.421052631578947,10.526315789473685,3.1578947368421053,0.0,9.473684210526317,1.0526315789473684,0.0,13.571428571428571
2020-12-26,5.555555555555555,62.22222222222222,8.888888888888888,10.0,2.222222222222222,0.0,10.0,1.111111111111111,0.0,12.857142857142858
2020-12-27,6.024096385542169,61.44578313253012,8.433734939759036,9.638554216867469,2.4096385542168672,0.0,10.843373493975903,1.2048192771084336,0.0,11.857142857142858
2020-12-28,4.3478260869565215,63.04347826086958,11.956521739130435,7.608695652173914,2.1739130434782608,0.0,9.782608695652174,1.0869565217391304,0.0,13.142857142857142
2020-12-29,4.62962962962963,64.81481481481481,13.88888888888889,6.481481481481481,0.9259259259259258,0.0,8.333333333333334,0.9259259259259258,0.0,15.428571428571429
2020-12-30,6.779661016949152,66.10169491525423,13.559322033898304,4.23728813559322,0.847457627118644,0.0,7.627118644067797,0.847457627118644,0.0,16.857142857142858
2020-12-31,5.263157894736842,64.66165413533835,17.293233082706767,5.263157894736842,1.5037593984962405,0.0,6.015037593984962,0.0,0.0,19.0
2021-01-01,7.125307125307126,77.39557739557739,8.5995085995086,4.668304668304668,0.7371007371007371,0.0,1.4742014742014742,0.0,0.0,58.142857142857146
2021-01-02,7.524271844660195,75.97087378640778,8.737864077669904,5.0970873786407775,0.9708737864077669,0.0,1.4563106796116505,0.24271844660194172,0.0,58.857142857142854
2021-01-03,7.352941176470589,75.98039215686273,8.823529411764707,4.901960784313726,1.2254901960784315,0.0,1.4705882352941175,0.24509803921568626,0.0,58.285714285714285
2021-01-04,7.8085642317380355,75.31486146095719,8.312342569269521,5.289672544080604,1.5113350125944585,0.0,1.5113350125944585,0.2518891687657431,0.0,56.714285714285715
2021-01-05,7.754010695187167,75.40106951871657,8.02139037433155,5.614973262032085,1.3368983957219251,0.0,1.60427807486631,0.267379679144385,0.0,53.42857142857143
2021-01-06,7.142857142857142,73.8095238095238,8.994708994708994,6.878306878306878,1.3227513227513228,0.0,1.5873015873015872,0.26455026455026454,0.0,54.0
2021-01-07,7.932011331444759,74.5042492917847,7.365439093484419,7.0821529745042495,1.1331444759206797,0.0,1.6997167138810196,0.2832861189801699,0.0,50.42857142857143
2021-01-08,8.75,38.75,27.499999999999996,20.0,3.75,0.0,0.0,1.25,0.0,11.428571428571429
2021-01-09,8.860759493670885,35.44303797468354,29.113924050632907,20.253164556962023,2.531645569620253,0.0,3.797468354430379,0.0,0.0,11.285714285714286
2021-01-10,9.090909090909092,37.5,27.27272727272727,20.454545454545457,2.272727272727273,0.0,3.4090909090909087,0.0,0.0,12.571428571428571
2021-01-11,11.363636363636365,32.95454545454546,27.27272727272727,22.72727272727273,1.1363636363636365,0.0,3.4090909090909087,1.1363636363636365,0.0,12.571428571428571
2021-01-12,11.458333333333334,33.33333333333333,27.083333333333336,21.875,2.083333333333333,0.0,3.125,1.0416666666666665,0.0,13.714285714285714
2021-01-13,16.470588235294116,30.58823529411765,27.058823529411764,18.823529411764707,2.3529411764705883,0.0,3.5294117647058822,1.1764705882352942,0.0,12.142857142857142
2021-01-14,14.130434782608697,33.69565217391305,26.08695652173913,19.565217391304348,2.1739130434782608,0.0,3.260869565217391,1.0869565217391304,0.0,13.142857142857142
2021-01-15,15.384615384615385,36.26373626373626,19.78021978021978,19.78021978021978,2.1978021978021975,0.0,4.395604395604395,2.1978021978021975,0.0,13.0
2021-01-16,14.634146341463413,39.02439024390244,17.073170731707318,23.170731707317078,2.4390243902439024,0.0,1.2195121951219512,2.4390243902439024,0.0,11.714285714285714
2021-01-17,16.216216216216214,36.486486486486484,17.56756756756757,24.324324324324326,1.3513513513513513,0.0,1.3513513513513513,2.7027027027027026,0.0,10.571428571428571
2021-01-18,11.842105263157896,39.47368421052631,15.789473684210526,26.31578947368421,2.631578947368421,0.0,1.3157894736842104,2.631578947368421,0.0,10.857142857142858
2021-01-19,11.428571428571429,41.42857142857143,12.85714285714286,28.57142857142857,1.4285714285714286,0.0,1.4285714285714286,2.857142857142857,0.0,10.0
2021-01-20,6.06060606060606,40.90909090909091,12.12121212121212,33.33333333333333,1.515151515151515,0.0,3.03030303030303,3.03030303030303,0.0,9.428571428571429
2021-01-21,6.451612903225806,37.096774193548384,11.29032258064516,35.48387096774193,3.225806451612903,0.0,3.225806451612903,3.225806451612903,0.0,8.857142857142858
2021-01-22,3.508771929824561,36.8421052631579,14.035087719298245,36.8421052631579,3.508771929824561,0.0,3.508771929824561,1.7543859649122806,0.0,8.142857142857142
2021-01-23,3.571428571428571,35.714285714285715,14.285714285714285,37.5,3.571428571428571,0.0,3.571428571428571,1.7857142857142856,0.0,8.0
2021-01-24,1.7857142857142856,33.92857142857143,16.071428571428573,39.285714285714285,3.571428571428571,0.0,3.571428571428571,1.7857142857142856,0.0,8.0
2021-01-25,4.166666666666666,35.41666666666667,16.666666666666664,37.50000000000001,2.083333333333333,0.0,4.166666666666666,0.0,0.0,6.857142857142857
2021-01-26,3.9215686274509802,37.254901960784316,15.686274509803921,35.294117647058826,1.9607843137254901,0.0,5.88235294117647,0.0,0.0,7.285714285714286
2021-01-27,3.846153846153846,40.38461538461539,17.307692307692307,32.692307692307686,1.923076923076923,0.0,3.846153846153846,0.0,0.0,7.428571428571429
2021-01-28,3.6363636363636362,40.0,20.0,30.909090909090907,1.8181818181818181,0.0,3.6363636363636362,0.0,0.0,7.857142857142857
2021-01-29,4.651162790697674,37.20930232558139,16.279069767441857,37.20930232558139,2.325581395348837,0.0,2.325581395348837,0.0,0.0,6.142857142857143
2021-01-30,4.761904761904762,40.476190476190474,19.047619047619047,30.952380952380953,2.380952380952381,0.0,2.380952380952381,0.0,0.0,6.0
2021-01-31,5.128205128205128,38.46153846153847,23.07692307692308,28.205128205128204,2.564102564102564,0.0,2.564102564102564,0.0,0.0,5.571428571428571
2021-02-01,5.405405405405405,35.13513513513514,24.324324324324326,29.72972972972973,2.7027027027027026,0.0,2.7027027027027026,0.0,0.0,5.285714285714286
2021-02-02,8.108108108108107,32.43243243243243,27.027027027027028,29.72972972972973,2.7027027027027026,0.0,0.0,0.0,0.0,5.285714285714286
2021-02-03,7.5,30.0,20.0,40.0,2.5,0.0,0.0,0.0,0.0,5.714285714285714
2021-02-04,6.451612903225806,32.25806451612903,19.354838709677416,41.935483870967744,0.0,0.0,0.0,0.0,0.0,4.428571428571429
2021-02-05,5.0,45.0,17.5,32.5,0.0,0.0,0.0,0.0,0.0,5.714285714285714
2021-02-06,5.5555555555555545,47.222222222222214,16.666666666666664,30.555555555555554,0.0,0.0,0.0,0.0,0.0,5.142857142857143
2021-02-07,19.047619047619047,42.85714285714286,11.904761904761905,26.190476190476193,0.0,0.0,0.0,0.0,0.0,6.0
2021-02-08,17.02127659574468,40.42553191489362,12.76595744680851,27.659574468085108,0.0,0.0,0.0,2.127659574468085,0.0,6.714285714285714
2021-02-09,15.909090909090908,34.090909090909086,11.363636363636365,36.36363636363637,0.0,0.0,0.0,2.272727272727273,0.0,6.285714285714286
2021-02-10,21.052631578947366,36.84210526315789,15.789473684210526,23.68421052631579,0.0,0.0,0.0,2.631578947368421,0.0,5.428571428571429
2021-02-11,18.604651162790695,32.558139534883715,13.95348837209302,32.558139534883715,0.0,0.0,0.0,2.325581395348837,0.0,6.142857142857143
2021-02-12,10.95890410958904,57.534246575342465,6.8493150684931505,23.28767123287671,0.0,0.0,0.0,1.36986301369863,0.0,10.428571428571429
2021-02-13,10.666666666666668,54.666666666666664,8.0,25.333333333333336,0.0,0.0,0.0,1.3333333333333335,0.0,10.714285714285714
2021-02-14,2.9850746268656714,59.70149253731344,5.970149253731343,29.85074626865672,0.0,0.0,0.0,1.4925373134328357,0.0,9.571428571428571
2021-02-15,1.5625,60.9375,6.25,31.25,0.0,0.0,0.0,0.0,0.0,9.142857142857142
2021-02-16,1.538461538461538,63.076923076923066,7.692307692307692,27.692307692307693,0.0,0.0,0.0,0.0,0.0,9.285714285714286
2021-02-17,0.0,64.61538461538461,6.153846153846152,29.230769230769234,0.0,0.0,0.0,0.0,0.0,9.285714285714286
2021-02-18,0.0,65.07936507936508,9.523809523809524,25.396825396825395,0.0,0.0,0.0,0.0,0.0,9.0
2021-02-19,2.127659574468085,53.191489361702125,14.893617021276595,29.78723404255319,0.0,0.0,0.0,0.0,0.0,6.714285714285714
2021-02-20,2.127659574468085,55.319148936170215,14.893617021276595,27.659574468085108,0.0,0.0,0.0,0.0,0.0,6.714285714285714
2021-02-21,1.8518518518518516,50.0,14.814814814814813,33.333333333333336,0.0,0.0,0.0,0.0,0.0,7.714285714285714
2021-02-22,1.694915254237288,52.54237288135594,16.94915254237288,27.11864406779661,0.0,0.0,1.694915254237288,0.0,0.0,8.428571428571429
2021-02-23,1.6129032258064515,51.61290322580645,14.516129032258066,29.03225806451613,0.0,0.0,3.225806451612903,0.0,0.0,8.857142857142858
2021-02-24,1.4925373134328357,49.25373134328358,17.91044776119403,28.358208955223883,0.0,0.0,2.9850746268656714,0.0,0.0,9.571428571428571
2021-02-25,1.515151515151515,53.03030303030303,13.636363636363638,28.78787878787879,0.0,0.0,3.03030303030303,0.0,0.0,9.428571428571429
2021-02-26,0.0,60.0,11.428571428571429,25.71428571428572,0.0,0.0,2.857142857142857,0.0,0.0,10.0
2021-02-27,0.0,56.00000000000001,10.666666666666668,30.66666666666667,0.0,0.0,2.666666666666667,0.0,0.0,10.714285714285714
2021-02-28,0.0,58.9041095890411,13.698630136986301,24.657534246575345,0.0,0.0,2.73972602739726,0.0,0.0,10.428571428571429
2021-03-01,0.0,60.0,11.428571428571429,27.142857142857146,0.0,0.0,1.4285714285714286,0.0,0.0,10.0
2021-03-02,0.0,62.857142857142854,11.428571428571429,25.71428571428572,0.0,0.0,0.0,0.0,0.0,10.0
2021-03-03,0.0,62.5,7.291666666666667,23.958333333333336,0.0,0.0,6.25,0.0,0.0,13.714285714285714
2021-03-04,0.9615384615384615,58.653846153846146,9.615384615384617,24.03846153846154,0.0,0.0,6.730769230769231,0.0,0.0,14.857142857142858
2021-03-05,1.3157894736842104,44.73684210526315,13.157894736842104,31.57894736842105,0.0,0.0,9.210526315789473,0.0,0.0,10.857142857142858
2021-03-06,1.2195121951219512,48.78048780487806,14.634146341463413,26.82926829268293,0.0,0.0,8.536585365853659,0.0,0.0,11.714285714285714
2021-03-07,2.380952380952381,46.42857142857142,11.904761904761905,29.761904761904763,1.1904761904761905,0.0,8.333333333333332,0.0,0.0,12.0
2021-03-08,2.247191011235955,44.943820224719104,12.359550561797754,31.46067415730337,1.1235955056179776,0.0,7.865168539325842,0.0,0.0,12.714285714285714
2021-03-09,3.6363636363636362,48.18181818181818,12.727272727272728,28.181818181818187,0.9090909090909091,0.0,6.363636363636364,0.0,0.0,15.714285714285714
2021-03-10,5.063291139240506,43.0379746835443,15.189873417721516,34.177215189873415,1.2658227848101264,0.0,1.2658227848101264,0.0,0.0,11.285714285714286
2021-03-11,4.0,41.333333333333336,16.0,37.333333333333336,1.3333333333333335,0.0,0.0,0.0,0.0,10.714285714285714
2021-03-12,4.597701149425287,37.93103448275862,13.793103448275861,41.379310344827594,1.1494252873563218,0.0,0.0,1.1494252873563218,0.0,12.428571428571429
2021-03-13,4.123711340206185,36.08247422680412,13.402061855670103,44.3298969072165,1.0309278350515463,0.0,0.0,1.0309278350515463,0.0,13.857142857142858
2021-03-14,4.04040404040404,37.37373737373738,13.131313131313133,44.44444444444445,0.0,0.0,0.0,1.01010101010101,0.0,14.142857142857142
2021-03-15,4.166666666666666,37.50000000000001,13.541666666666668,43.75,0.0,0.0,0.0,1.0416666666666665,0.0,13.714285714285714
2021-03-16,3.797468354430379,27.848101265822784,16.455696202531644,50.632911392405056,0.0,0.0,0.0,1.2658227848101264,0.0,11.285714285714286
2021-03-17,3.614457831325301,32.53012048192771,16.867469879518072,45.78313253012048,0.0,0.0,0.0,1.2048192771084336,0.0,11.857142857142858
2021-03-18,6.8181818181818175,31.818181818181817,13.636363636363635,45.45454545454546,0.0,0.0,0.0,2.272727272727273,0.0,12.571428571428571
2021-03-19,5.9523809523809526,35.714285714285715,15.476190476190476,40.476190476190474,0.0,0.0,0.0,2.380952380952381,0.0,12.0
2021-03-20,7.352941176470589,36.76470588235294,13.235294117647062,38.235294117647065,0.0,0.0,0.0,4.411764705882353,0.0,9.714285714285714
2021-03-21,6.25,35.9375,15.625,37.5,0.0,0.0,0.0,4.6875,0.0,9.142857142857142
2021-03-22,5.88235294117647,35.294117647058826,13.235294117647062,41.1764705882353,0.0,0.0,0.0,4.411764705882353,0.0,9.714285714285714
2021-03-23,5.0,36.66666666666667,10.0,43.333333333333336,0.0,0.0,0.0,5.0,0.0,8.571428571428571
2021-03-24,5.194805194805195,45.45454545454545,7.792207792207792,37.66233766233766,0.0,0.0,0.0,3.896103896103896,0.0,11.0
2021-03-25,1.4492753623188404,52.17391304347826,7.246376811594203,36.231884057971016,0.0,0.0,0.0,2.8985507246376807,0.0,9.857142857142858
2021-03-26,1.538461538461538,50.76923076923077,9.23076923076923,36.92307692307692,0.0,0.0,0.0,1.538461538461538,0.0,9.285714285714286
2021-03-27,2.4390243902439024,42.6829268292683,13.414634146341465,40.243902439024396,0.0,0.0,1.2195121951219512,0.0,0.0,11.714285714285714
2021-03-28,2.531645569620253,43.0379746835443,11.39240506329114,41.77215189873418,0.0,0.0,1.2658227848101264,0.0,0.0,11.285714285714286
2021-03-29,3.260869565217391,40.21739130434783,11.956521739130435,43.47826086956522,0.0,0.0,1.0869565217391304,0.0,0.0,13.142857142857142
2021-03-30,5.0,41.0,11.999999999999998,41.0,0.0,0.0,0.9999999999999999,0.0,0.0,14.285714285714286
2021-03-31,5.2631578947368425,34.73684210526316,12.631578947368421,46.31578947368421,0.0,0.0,1.0526315789473684,0.0,0.0,13.571428571428571
2021-04-01,4.424778761061947,41.59292035398231,14.15929203539823,38.93805309734513,0.0,0.0,0.8849557522123894,0.0,0.0,16.142857142857142
2021-04-02,5.1724137931034475,38.793103448275865,12.93103448275862,42.241379310344826,0.0,0.0,0.8620689655172412,0.0,0.0,16.571428571428573
2021-04-03,6.666666666666667,40.0,11.428571428571429,41.904761904761905,0.0,0.0,0.0,0.0,0.0,15.0
2021-04-04,9.821428571428571,39.285714285714285,11.607142857142858,39.285714285714285,0.0,0.0,0.0,0.0,0.0,16.0
2021-04-05,11.881188118811881,38.61386138613861,11.881188118811881,37.62376237623762,0.0,0.0,0.0,0.0,0.0,14.428571428571429
2021-04-06,11.34020618556701,35.051546391752574,12.371134020618555,41.23711340206185,0.0,0.0,0.0,0.0,0.0,13.857142857142858
2021-04-07,18.39080459770115,27.586206896551722,13.793103448275861,40.229885057471265,0.0,0.0,0.0,0.0,0.0,12.428571428571429
2021-04-08,27.77777777777778,11.111111111111109,13.88888888888889,47.222222222222214,0.0,0.0,0.0,0.0,0.0,10.285714285714286
2021-04-09,31.88405797101449,13.043478260869565,13.043478260869565,42.02898550724638,0.0,0.0,0.0,0.0,0.0,9.857142857142858
2021-04-10,30.88235294117647,14.705882352941178,10.294117647058824,44.117647058823536,0.0,0.0,0.0,0.0,0.0,9.714285714285714
2021-04-11,26.08695652173913,15.942028985507244,8.695652173913043,49.27536231884057,0.0,0.0,0.0,0.0,0.0,9.857142857142858
2021-04-12,27.692307692307693,16.92307692307692,6.153846153846152,49.23076923076922,0.0,0.0,0.0,0.0,0.0,9.285714285714286
2021-04-13,28.205128205128204,17.94871794871795,8.974358974358974,44.871794871794876,0.0,0.0,0.0,0.0,0.0,11.142857142857142
2021-04-14,21.91780821917808,19.17808219178082,8.21917808219178,50.68493150684932,0.0,0.0,0.0,0.0,0.0,10.428571428571429
2021-04-15,23.45679012345679,22.222222222222225,4.938271604938271,49.38271604938272,0.0,0.0,0.0,0.0,0.0,11.571428571428571
2021-04-16,23.91304347826087,19.565217391304348,5.434782608695652,51.08695652173913,0.0,0.0,0.0,0.0,0.0,13.142857142857142
2021-04-17,28.57142857142857,17.142857142857142,5.714285714285714,48.57142857142857,0.0,0.0,0.0,0.0,0.0,15.0
2021-04-18,34.285714285714285,15.238095238095237,5.714285714285714,44.761904761904766,0.0,0.0,0.0,0.0,0.0,15.0
2021-04-19,37.735849056603776,15.09433962264151,5.660377358490567,41.509433962264154,0.0,0.0,0.0,0.0,0.0,15.142857142857142
2021-04-20,42.4,11.200000000000001,4.8,41.6,0.0,0.0,0.0,0.0,0.0,17.857142857142858
2021-04-21,43.06569343065693,13.86861313868613,4.3795620437956195,38.68613138686131,0.0,0.0,0.0,0.0,0.0,19.571428571428573
2021-04-22,41.1764705882353,12.5,7.352941176470589,38.970588235294116,0.0,0.0,0.0,0.0,0.0,19.428571428571427
2021-04-23,41.666666666666664,14.393939393939394,7.575757575757576,36.36363636363636,0.0,0.0,0.0,0.0,0.0,18.857142857142858
2021-04-24,42.14876033057852,13.223140495867769,8.264462809917356,36.36363636363637,0.0,0.0,0.0,0.0,0.0,17.285714285714285
2021-04-25,42.7536231884058,13.043478260869565,9.420289855072465,34.78260869565217,0.0,0.0,0.0,0.0,0.0,19.714285714285715
2021-04-26,41.0958904109589,10.95890410958904,10.95890410958904,36.986301369863014,0.0,0.0,0.0,0.0,0.0,20.857142857142858
2021-04-27,42.96875,12.5,9.375,35.15625000000001,0.0,0.0,0.0,0.0,0.0,18.285714285714285
2021-04-28,45.83333333333333,10.0,10.0,34.166666666666664,0.0,0.0,0.0,0.0,0.0,17.142857142857142
2021-04-29,45.689655172413794,9.482758620689655,9.482758620689655,34.48275862068965,0.0,0.0,0.8620689655172412,0.0,0.0,16.571428571428573
2021-04-30,43.36283185840708,7.079646017699115,12.389380530973451,36.283185840707965,0.0,0.0,0.8849557522123894,0.0,0.0,16.142857142857142
2021-05-01,43.36283185840708,7.964601769911505,15.92920353982301,31.85840707964602,0.0,0.0,0.8849557522123894,0.0,0.0,16.142857142857142
2021-05-02,40.21739130434783,6.521739130434782,17.391304347826086,34.78260869565217,0.0,0.0,1.0869565217391304,0.0,0.0,13.142857142857142
2021-05-03,42.04545454545455,6.8181818181818175,18.181818181818183,31.818181818181817,0.0,0.0,1.1363636363636365,0.0,0.0,12.571428571428571
2021-05-04,38.554216867469876,6.024096385542169,19.277108433734938,34.93975903614458,0.0,0.0,1.2048192771084336,0.0,0.0,11.857142857142858
2021-05-05,36.04651162790697,4.651162790697674,23.25581395348837,34.883720930232556,0.0,0.0,1.1627906976744184,0.0,0.0,12.285714285714286
2021-05-06,38.095238095238095,3.571428571428571,20.238095238095237,35.714285714285715,0.0,0.0,1.1904761904761905,1.1904761904761905,0.0,12.0
2021-05-07,45.97701149425287,3.4482758620689653,16.091954022988507,32.18390804597701,0.0,0.0,1.1494252873563218,1.1494252873563218,0.0,12.428571428571429
2021-05-08,48.68421052631579,2.631578947368421,11.842105263157896,34.21052631578947,0.0,0.0,1.3157894736842104,1.3157894736842104,0.0,10.857142857142858
2021-05-09,52.702702702702695,2.7027027027027026,10.81081081081081,31.08108108108108,0.0,0.0,1.3513513513513513,1.3513513513513513,0.0,10.571428571428571
2021-05-10,49.27536231884057,7.246376811594203,8.695652173913043,31.88405797101449,0.0,0.0,1.4492753623188404,1.4492753623188404,0.0,9.857142857142858
2021-05-11,44.06779661016949,6.779661016949152,10.169491525423728,35.59322033898305,0.0,0.0,1.694915254237288,1.694915254237288,0.0,8.428571428571429
2021-05-12,46.0,7.999999999999999,3.9999999999999996,38.0,0.0,0.0,1.9999999999999998,1.9999999999999998,0.0,7.142857142857143
2021-05-13,38.46153846153847,7.692307692307692,7.692307692307692,46.15384615384615,0.0,0.0,0.0,0.0,0.0,7.428571428571429
2021-05-14,25.53191489361702,8.51063829787234,12.76595744680851,53.191489361702125,0.0,0.0,0.0,0.0,0.0,6.714285714285714
2021-05-15,25.53191489361702,8.51063829787234,12.76595744680851,53.191489361702125,0.0,0.0,0.0,0.0,0.0,6.714285714285714
2021-05-16,20.0,11.11111111111111,13.333333333333334,55.55555555555556,0.0,0.0,0.0,0.0,0.0,6.428571428571429
2021-05-17,25.641025641025646,7.6923076923076925,12.820512820512823,53.84615384615385,0.0,0.0,0.0,0.0,0.0,5.571428571428571
2021-05-18,29.72972972972973,10.81081081081081,13.513513513513514,45.945945945945944,0.0,0.0,0.0,0.0,0.0,5.285714285714286
2021-05-19,25.641025641025646,10.256410256410255,17.94871794871795,46.15384615384616,0.0,0.0,0.0,0.0,0.0,5.571428571428571
2021-05-20,37.5,15.625,15.625,31.25,0.0,0.0,0.0,0.0,0.0,4.571428571428571
2021-05-21,40.74074074074074,22.22222222222222,11.11111111111111,25.925925925925924,0.0,0.0,0.0,0.0,0.0,3.857142857142857
2021-05-22,34.61538461538461,23.076923076923077,15.384615384615383,26.923076923076923,0.0,0.0,0.0,0.0,0.0,3.7142857142857144
2021-05-23,36.66666666666667,20.0,16.666666666666668,26.666666666666668,0.0,0.0,0.0,0.0,0.0,4.285714285714286
2021-05-24,39.39393939393939,18.18181818181818,18.18181818181818,24.24242424242424,0.0,0.0,0.0,0.0,0.0,4.714285714285714
2021-05-25,55.263157894736835,13.157894736842104,18.421052631578945,13.157894736842104,0.0,0.0,0.0,0.0,0.0,5.428571428571429
2021-05-26,63.04347826086958,10.869565217391305,10.869565217391305,15.217391304347828,0.0,0.0,0.0,0.0,0.0,6.571428571428571
2021-05-27,68.75000000000001,8.333333333333332,10.416666666666668,12.5,0.0,0.0,0.0,0.0,0.0,6.857142857142857
2021-05-28,73.6842105263158,7.017543859649122,8.771929824561404,10.526315789473683,0.0,0.0,0.0,0.0,0.0,8.142857142857142
2021-05-29,75.43859649122808,5.263157894736842,8.771929824561404,10.526315789473683,0.0,0.0,0.0,0.0,0.0,8.142857142857142
2021-05-30,80.35714285714286,3.571428571428571,7.142857142857142,8.928571428571429,0.0,0.0,0.0,0.0,0.0,8.0
2021-05-31,80.0,1.8181818181818181,7.2727272727272725,10.909090909090908,0.0,0.0,0.0,0.0,0.0,7.857142857142857
2021-06-01,76.47058823529412,1.9607843137254901,5.88235294117647,15.686274509803921,0.0,0.0,0.0,0.0,0.0,7.285714285714286
2021-06-02,76.08695652173914,2.1739130434782608,6.521739130434782,15.217391304347828,0.0,0.0,0.0,0.0,0.0,6.571428571428571
2021-06-03,71.73913043478262,2.1739130434782608,10.869565217391305,15.217391304347828,0.0,0.0,0.0,0.0,0.0,6.571428571428571
2021-06-04,67.3469387755102,0.0,18.367346938775512,14.285714285714285,0.0,0.0,0.0,0.0,0.0,7.0
2021-06-05,68.33333333333333,1.6666666666666667,13.333333333333334,16.666666666666668,0.0,0.0,0.0,0.0,0.0,8.571428571428571
2021-06-06,66.66666666666667,1.6666666666666667,13.333333333333334,18.333333333333336,0.0,0.0,0.0,0.0,0.0,8.571428571428571
2021-06-07,65.71428571428571,2.857142857142857,11.428571428571429,18.571428571428573,0.0,0.0,1.4285714285714286,0.0,0.0,10.0
2021-06-08,64.70588235294117,5.88235294117647,11.76470588235294,16.176470588235293,0.0,0.0,1.4705882352941175,0.0,0.0,9.714285714285714
2021-06-09,69.01408450704226,5.633802816901409,11.267605633802818,12.676056338028172,0.0,0.0,1.4084507042253522,0.0,0.0,10.142857142857142
2021-06-10,70.1492537313433,5.970149253731343,8.955223880597014,13.432835820895525,0.0,0.0,1.4925373134328357,0.0,0.0,9.571428571428571
2021-06-11,74.28571428571429,5.714285714285714,2.857142857142857,15.714285714285714,0.0,0.0,1.4285714285714286,0.0,0.0,10.0
2021-06-12,73.84615384615384,7.692307692307692,4.615384615384615,12.307692307692305,0.0,0.0,1.538461538461538,0.0,0.0,9.285714285714286
2021-06-13,73.84615384615384,9.23076923076923,4.615384615384615,10.769230769230768,0.0,0.0,1.538461538461538,0.0,0.0,9.285714285714286
2021-06-14,78.18181818181819,9.090909090909092,5.454545454545454,7.2727272727272725,0.0,0.0,0.0,0.0,0.0,7.857142857142857
2021-06-15,80.64516129032258,6.451612903225806,4.838709677419354,8.064516129032258,0.0,0.0,0.0,0.0,0.0,8.857142857142858
2021-06-16,76.92307692307692,7.692307692307692,4.615384615384615,9.23076923076923,0.0,0.0,1.538461538461538,0.0,0.0,9.285714285714286
2021-06-17,75.0,8.823529411764707,4.411764705882353,8.823529411764707,0.0,0.0,2.941176470588235,0.0,0.0,9.714285714285714
2021-06-18,74.13793103448275,10.344827586206895,3.448275862068965,6.89655172413793,0.0,0.0,5.1724137931034475,0.0,0.0,8.285714285714286
2021-06-19,78.12500000000001,6.25,3.125,6.25,0.0,0.0,6.25,0.0,0.0,9.142857142857142
2021-06-20,77.94117647058823,4.411764705882353,2.941176470588235,8.823529411764707,0.0,0.0,5.88235294117647,0.0,0.0,9.714285714285714
2021-06-21,80.0,4.0,1.3333333333333335,8.0,0.0,0.0,6.666666666666668,0.0,0.0,10.714285714285714
2021-06-22,82.92682926829268,2.4390243902439024,1.2195121951219512,7.317073170731707,0.0,0.0,6.097560975609757,0.0,0.0,11.714285714285714
2021-06-23,85.55555555555556,1.111111111111111,1.111111111111111,7.777777777777778,0.0,0.0,4.444444444444444,0.0,0.0,12.857142857142858
2021-06-24,88.07339449541284,0.9174311926605503,0.9174311926605503,7.339449541284402,0.0,0.0,2.7522935779816513,0.0,0.0,15.571428571428571
2021-06-25,89.43661971830986,2.112676056338028,0.7042253521126761,6.338028169014086,0.0,0.0,1.4084507042253522,0.0,0.0,20.285714285714285
2021-06-26,91.30434782608695,1.8633540372670807,0.6211180124223602,5.590062111801243,0.0,0.0,0.6211180124223602,0.0,0.0,23.0
2021-06-27,92.04545454545455,2.272727272727273,0.5681818181818182,4.545454545454546,0.0,0.0,0.5681818181818182,0.0,0.0,25.142857142857142
2021-06-28,91.32653061224491,3.061224489795918,1.0204081632653061,4.591836734693878,0.0,0.0,0.0,0.0,0.0,28.0
2021-06-29,91.13300492610837,2.955665024630542,0.9852216748768473,4.926108374384237,0.0,0.0,0.0,0.0,0.0,29.0
2021-06-30,92.5925925925926,2.7777777777777777,0.9259259259259258,3.7037037037037033,0.0,0.0,0.0,0.0,0.0,30.857142857142858
2021-07-01,92.37288135593221,2.11864406779661,0.847457627118644,4.661016949152542,0.0,0.0,0.0,0.0,0.0,33.714285714285715
2021-07-02,92.34449760765551,1.4354066985645932,0.9569377990430622,5.263157894736842,0.0,0.0,0.0,0.0,0.0,29.857142857142858
2021-07-03,90.90909090909092,1.5151515151515151,0.505050505050505,7.07070707070707,0.0,0.0,0.0,0.0,0.0,28.285714285714285
2021-07-04,88.8888888888889,1.01010101010101,1.01010101010101,9.090909090909092,0.0,0.0,0.0,0.0,0.0,28.285714285714285
2021-07-05,89.72972972972974,0.0,0.5405405405405406,9.729729729729732,0.0,0.0,0.0,0.0,0.0,26.428571428571427
2021-07-06,89.83050847457628,0.0,0.5649717514124294,9.6045197740113,0.0,0.0,0.0,0.0,0.0,25.285714285714285
2021-07-07,86.39455782312925,0.0,0.6802721088435374,12.925170068027212,0.0,0.0,0.0,0.0,0.0,21.0
2021-07-08,85.18518518518519,0.0,0.9259259259259258,13.88888888888889,0.0,0.0,0.0,0.0,0.0,15.428571428571429
2021-07-09,85.41666666666666,0.0,1.0416666666666665,13.541666666666668,0.0,0.0,0.0,0.0,0.0,13.714285714285714
2021-07-10,87.01298701298701,0.0,1.2987012987012987,11.688311688311689,0.0,0.0,0.0,0.0,0.0,11.0
2021-07-11,92.3076923076923,0.0,0.0,7.692307692307692,0.0,0.0,0.0,0.0,0.0,7.428571428571429
2021-07-12,91.66666666666666,0.0,0.0,8.333333333333332,0.0,0.0,0.0,0.0,0.0,5.142857142857143
