,lineage,region,count,total
0,B.1.617.2,Asia,2022,2814
1,B.1.1.7,Asia,330,2814
2,B.1.619,Asia,218,2814
3,None,Asia,158,2814
4,B.1.351,Asia,16,2814
5,B.1.617.2,North America,8740,17607
6,B.1.1.7,North America,4556,17607
7,P.1,North America,1492,17607
8,AY.3,North America,939,17607
9,B.1.526,North America,397,17607
10,B.1.617.2,Europe,86335,98448
11,B.1.1.7,Europe,9592,98448
12,P.1,Europe,477,98448
13,None,Europe,467,98448
14,P.1.1,Europe,218,98448
15,P.1,South America,530,808
16,C.37,South America,139,808
17,B.1.1.7,South America,41,808
18,B.1.621,South America,21,808
19,B.1.617.2,South America,19,808
20,B.1.617.2,Oceania,426,492
21,B.1.1.7,Oceania,41,492
22,B.1.351,Oceania,9,492
23,B.1.617.1,Oceania,6,492
24,B,Oceania,5,492
25,B.1.617.2,Africa,784,1142
26,B.1.351,Africa,155,1142
27,B.1.351.2,Africa,79,1142
28,B.1,Africa,23,1142
29,B.1.620,Africa,21,1142
